<?xml version="1.0" encoding="UTF-8"?>
<jcr:root xmlns:sling="http://sling.apache.org/jcr/sling/1.0" xmlns:granite="http://www.adobe.com/jcr/granite/1.0" xmlns:cq="http://www.day.com/jcr/cq/1.0" xmlns:jcr="http://www.jcp.org/jcr/1.0" xmlns:nt="http://www.jcp.org/jcr/nt/1.0"
    jcr:primaryType="cq:Template"
    allowedPaths="[/content/entities(/.*)?]"
    ranking="{Long}100">
    <jcr:content
        cq:lastModified="{Date}2024-01-22T19:57:13.068-05:00"
        cq:lastModifiedBy="admin"
        cq:scaffolding="/conf/apple/settings/dam/cfm/models/header/jcr:content/model"
        cq:templateType="/libs/settings/dam/cfm/model-types/fragment"
        jcr:primaryType="cq:PageContent"
        jcr:title="Header"
        sling:resourceSuperType="dam/cfm/models/console/components/data/entity"
        sling:resourceType="dam/cfm/models/console/components/data/entity/default"
        status="enabled">
        <metadata jcr:primaryType="nt:unstructured"/>
        <model
            cq:targetPath="/content/entities"
            jcr:primaryType="cq:PageContent"
            sling:resourceType="wcm/scaffolding/components/scaffolding"
            dataTypesConfig="/mnt/overlay/settings/dam/cfm/models/formbuilderconfig/datatypes"
            maxGeneratedOrder="20">
            <cq:dialog
                jcr:primaryType="nt:unstructured"
                sling:resourceType="cq/gui/components/authoring/dialog">
                <content
                    jcr:lastModified="{Date}2024-01-22T19:57:13.068-05:00"
                    jcr:lastModifiedBy="admin"
                    jcr:primaryType="nt:unstructured"
                    sling:resourceType="granite/ui/components/coral/foundation/fixedcolumns">
                    <items
                        jcr:primaryType="nt:unstructured"
                        maxGeneratedOrder="25">
                        <_x0031_705970244399
                            jcr:primaryType="nt:unstructured"
                            sling:resourceType="dam/cfm/models/editor/components/contentreference"
                            fieldLabel="Logo Image"
                            filter="hierarchy"
                            listOrder="21"
                            metaType="reference"
                            name="logoImage"
                            nameSuffix="contentReference"
                            renderReadOnly="false"
                            rootPath="/content/dam/apple"
                            showEmptyInReadOnly="true"
                            showThumbnail="false"
                            validation="cfm.validation.contenttype.image"
                            valueType="string/reference">
                            <granite:data
                                jcr:primaryType="nt:unstructured"
                                thumbnail-validation="cfm.validation.thumbnail.show"/>
                        </_x0031_705970244399>
                        <_x0031_705970451475
                            jcr:primaryType="nt:unstructured"
                            sling:resourceType="granite/ui/components/coral/foundation/form/textfield"
                            fieldLabel="Logo Url"
                            listOrder="23"
                            maxlength="255"
                            metaType="text-single"
                            name="logoUrl"
                            renderReadOnly="false"
                            showEmptyInReadOnly="true"
                            valueType="string">
                            <granite:data jcr:primaryType="nt:unstructured"/>
                        </_x0031_705970451475>
                        <_x0031_705970596917
                            jcr:primaryType="nt:unstructured"
                            sling:resourceType="granite/ui/components/coral/foundation/form/textfield"
                            fieldLabel="Logo Alt Text"
                            listOrder="24"
                            maxlength="255"
                            metaType="text-single"
                            name="logoAltText"
                            renderReadOnly="false"
                            showEmptyInReadOnly="true"
                            valueType="string">
                            <granite:data jcr:primaryType="nt:unstructured"/>
                        </_x0031_705970596917>
                        <_x0031_705970657899
                            jcr:primaryType="nt:unstructured"
                            sling:resourceType="dam/cfm/models/editor/components/fragmentreference/multifield"
                            allowNew="{Boolean}true"
                            fieldLabel="Main Navigation"
                            filter="hierarchy"
                            fragmentmodelreference="/conf/apple/settings/dam/cfm/models/main-navigation"
                            listOrder="25"
                            metaType="fragment-reference"
                            name="mainNavigation"
                            nameSuffix="contentReference"
                            renderReadOnly="false"
                            showEmptyInReadOnly="true"
                            valueType="string/content-fragment[]">
                            <field
                                jcr:primaryType="nt:unstructured"
                                sling:resourceType="dam/cfm/models/editor/components/fragmentreference"
                                fragmentmodelreference="/conf/apple/settings/dam/cfm/models/main-navigation"
                                name="mainNavigation"
                                renderReadOnly="false">
                                <granite:data jcr:primaryType="nt:unstructured"/>
                            </field>
                            <granite:data jcr:primaryType="nt:unstructured"/>
                        </_x0031_705970657899>
                    </items>
                </content>
            </cq:dialog>
        </model>
    </jcr:content>
</jcr:root>
