<?xml version="1.0" encoding="UTF-8"?>
<jcr:root xmlns:sling="http://sling.apache.org/jcr/sling/1.0" xmlns:granite="http://www.adobe.com/jcr/granite/1.0" xmlns:cq="http://www.day.com/jcr/cq/1.0" xmlns:jcr="http://www.jcp.org/jcr/1.0" xmlns:nt="http://www.jcp.org/jcr/nt/1.0"
    jcr:primaryType="cq:Template"
    allowedPaths="[/content/entities(/.*)?]"
    ranking="{Long}100">
    <jcr:content
        cq:lastModified="{Date}2024-01-22T20:21:47.134-05:00"
        cq:lastModifiedBy="admin"
        cq:scaffolding="/conf/apple/settings/dam/cfm/models/navigation-links/jcr:content/model"
        cq:templateType="/libs/settings/dam/cfm/model-types/fragment"
        jcr:primaryType="cq:PageContent"
        jcr:title="Navigation Links"
        sling:resourceSuperType="dam/cfm/models/console/components/data/entity"
        sling:resourceType="dam/cfm/models/console/components/data/entity/default"
        status="enabled">
        <metadata jcr:primaryType="nt:unstructured"/>
        <model
            cq:targetPath="/content/entities"
            jcr:primaryType="cq:PageContent"
            sling:resourceType="wcm/scaffolding/components/scaffolding"
            dataTypesConfig="/mnt/overlay/settings/dam/cfm/models/formbuilderconfig/datatypes"
            maxGeneratedOrder="20">
            <cq:dialog
                jcr:primaryType="nt:unstructured"
                sling:resourceType="cq/gui/components/authoring/dialog">
                <content
                    jcr:lastModified="{Date}2024-01-22T20:21:47.134-05:00"
                    jcr:lastModifiedBy="admin"
                    jcr:primaryType="nt:unstructured"
                    sling:resourceType="granite/ui/components/coral/foundation/fixedcolumns">
                    <items
                        jcr:primaryType="nt:unstructured"
                        maxGeneratedOrder="21">
                        <_x0031_705971093909
                            jcr:primaryType="nt:unstructured"
                            sling:resourceType="granite/ui/components/coral/foundation/form/textfield"
                            fieldLabel="Text"
                            listOrder="1"
                            maxlength="255"
                            metaType="text-single"
                            name="text"
                            renderReadOnly="false"
                            showEmptyInReadOnly="true"
                            valueType="string">
                            <granite:data jcr:primaryType="nt:unstructured"/>
                        </_x0031_705971093909>
                        <_x0031_705971108506
                            jcr:primaryType="nt:unstructured"
                            sling:resourceType="granite/ui/components/coral/foundation/form/textfield"
                            fieldLabel="Href"
                            listOrder="1"
                            maxlength="255"
                            metaType="text-single"
                            name="href"
                            renderReadOnly="false"
                            showEmptyInReadOnly="true"
                            valueType="string">
                            <granite:data jcr:primaryType="nt:unstructured"/>
                        </_x0031_705971108506>
                        <_x0031_705972794216
                            jcr:primaryType="nt:unstructured"
                            sling:resourceType="granite/ui/components/coral/foundation/form/select"
                            emptyOption="{Boolean}true"
                            fieldLabel="Target"
                            listOrder="21"
                            metaType="enumeration"
                            name="target"
                            renderReadOnly="false"
                            showEmptyInReadOnly="true"
                            valueType="string">
                            <optionsmultifield jcr:primaryType="nt:unstructured">
                                <item0
                                    jcr:primaryType="nt:unstructured"
                                    fieldLabel="Same Tab"
                                    fieldValue="_self"/>
                                <item1
                                    jcr:primaryType="nt:unstructured"
                                    fieldLabel="New Tab"
                                    fieldValue="_blank"/>
                            </optionsmultifield>
                            <datasource
                                jcr:primaryType="nt:unstructured"
                                sling:resourceType="dam/cfm/admin/components/datasources/optionrendererenumeration"
                                variant="default"/>
                            <granite:data jcr:primaryType="nt:unstructured"/>
                        </_x0031_705972794216>
                    </items>
                </content>
            </cq:dialog>
        </model>
    </jcr:content>
</jcr:root>
